dayonly,cnt
2013-06-01,8722
2013-06-02,15971
2013-06-03,7598
2013-06-04,15782
2013-06-05,15690
2013-06-06,12420
2013-06-07,1226
2013-06-08,18007
2013-06-09,21034
2013-06-10,3897
2013-06-11,12596
2013-06-12,16795
2013-06-13,8016
2013-06-14,14942
2013-06-15,25178
2013-06-16,21966
2013-06-17,19659
2013-06-18,13724
2013-06-19,24142
2013-06-20,26603
2013-06-21,27997
2013-06-22,29281
2013-06-23,28065
2013-06-24,24251
2013-06-25,27827
2013-06-26,29499
2013-06-27,24334
2013-06-28,27818
2013-06-29,29753
2013-06-30,24909
2013-07-01,16651
2013-07-02,22745
2013-07-03,21864
2013-07-04,22326
2013-07-05,21842
2013-07-06,20467
2013-07-07,20477
2013-07-08,21615
2013-07-09,26641
2013-07-10,25732
2013-07-11,24417
2013-07-12,19006
2013-07-13,26119
2013-07-14,29287
2013-07-15,28069
2013-07-16,29842
2013-07-17,30550
2013-07-18,28869
2013-07-19,26591
2013-07-20,25278
2013-07-21,30297
2013-07-22,25979
2013-07-23,32376
2013-07-24,35271
2013-07-25,31084
2013-07-26,34534
2013-07-27,32470
2013-07-28,23508
2013-07-29,34915
2013-07-30,37334
2013-07-31,37261
2013-08-01,20138
2013-08-02,35792
2013-08-03,29540
2013-08-04,35253
2013-08-05,36776
2013-08-06,37702
2013-08-07,34396
2013-08-08,28366
2013-08-09,29017
2013-08-10,37201
2013-08-11,33060
2013-08-12,31457
2013-08-13,22437
2013-08-14,38150
2013-08-15,37386
2013-08-16,35991
2013-08-17,37285
2013-08-18,27612
2013-08-19,33127
2013-08-20,35843
2013-08-21,36315
2013-08-22,26629
2013-08-23,33503
2013-08-24,32941
2013-08-25,31755
2013-08-26,29979
2013-08-27,34208
2013-08-28,28185
2013-08-29,34215
2013-08-30,32318
2013-08-31,25381
2013-09-01,25235
2013-09-02,21416
2013-09-03,32411
2013-09-04,36798
2013-09-05,35825
2013-09-06,35868
2013-09-07,34419
2013-09-08,33196
2013-09-09,35394
2013-09-10,36954
2013-09-11,35812
2013-09-12,31252
2013-09-13,36501
2013-09-14,31607
2013-09-15,31914
2013-09-16,31287
2013-09-17,38283
2013-09-18,37957
2013-09-19,39200
2013-09-20,39382
2013-09-21,31826
2013-09-22,29758
2013-09-23,35152
2013-09-24,38417
2013-09-25,38223
2013-09-26,38189
2013-09-27,37412
2013-09-28,34931
2013-09-29,32592
2013-09-30,37148
2013-10-01,40575
2013-10-02,41383
2013-10-03,40456
2013-10-04,40195
2013-10-05,34181
2013-10-06,26574
2013-10-07,25016
2013-10-08,38365
2013-10-09,36969
2013-10-10,31171
2013-10-11,33357
2013-10-12,32457
2013-10-13,28832
2013-10-14,33018
2013-10-15,37534
2013-10-16,36911
2013-10-17,36888
2013-10-18,38122
2013-10-19,29548
2013-10-20,29256
2013-10-21,35012
2013-10-22,36338
2013-10-23,32365
2013-10-24,32251
2013-10-25,30979
2013-10-26,24569
2013-10-27,23965
2013-10-28,31498
2013-10-29,33414
2013-10-30,35069
2013-10-31,31444
2013-11-01,30384
2013-11-02,31013
2013-11-03,20798
2013-11-04,27142
2013-11-05,31493
2013-11-06,34826
2013-11-07,25719
2013-11-08,28686
2013-11-09,21734
2013-11-10,19712
2013-11-11,27295
2013-11-12,19925
2013-11-13,23633
2013-11-14,27040
2013-11-15,29051
2013-11-16,25194
2013-11-17,17995
2013-11-18,30615
2013-11-19,27417
2013-11-20,26229
2013-11-21,28752
2013-11-22,25448
2013-11-23,18996
2013-11-24,9392
2013-11-25,19116
2013-11-26,14999
2013-11-27,7976
2013-11-28,5204
2013-11-29,10127
2013-11-30,9863
2013-12-01,13326
2013-12-02,24576
2013-12-03,27431
2013-12-04,28199
2013-12-05,26988
2013-12-06,10736
2013-12-07,15545
2013-12-08,10090
2013-12-09,14824
2013-12-10,12850
2013-12-11,18766
2013-12-12,17214
2013-12-13,17888
2013-12-14,3701
2013-12-15,7462
2013-12-16,15562
2013-12-17,7863
2013-12-18,14924
2013-12-19,18766
2013-12-20,22066
2013-12-21,17940
2013-12-22,15063
2013-12-23,6956
2013-12-24,11025
2013-12-25,3260
2013-12-26,9763
2013-12-27,11720
2013-12-28,12022
2013-12-29,3775
2013-12-30,13241
2013-12-31,10424
2014-01-01,6059
2014-01-02,8600
2014-01-03,1144
2014-01-04,2292
2014-01-05,2678
2014-01-06,9510
2014-01-07,6267
2014-01-08,9246
2014-01-09,13354
2014-01-10,9847
2014-01-11,7695
2014-01-12,12515
2014-01-13,20633
2014-01-14,9999
2014-01-15,21630
2014-01-16,19953
2014-01-17,20301
2014-01-18,9438
2014-01-19,9028
2014-01-20,13407
2014-01-21,3804
2014-01-22,2451
2014-01-23,5071
2014-01-24,6176
2014-01-25,4338
2014-01-26,4980
2014-01-27,13119
2014-01-28,10033
2014-01-29,10021
2014-01-30,12158
2014-01-31,14653
2014-02-01,12771
2014-02-02,13816
2014-02-03,2600
2014-02-04,8709
2014-02-05,2746
2014-02-06,7196
2014-02-07,8495
2014-02-08,5986
2014-02-09,4996
2014-02-10,6846
2014-02-11,8343
2014-02-12,8580
2014-02-13,876
2014-02-14,3609
2014-02-15,2261
2014-02-16,3003
2014-02-17,4854
2014-02-18,5140
2014-02-19,8506
2014-02-20,11792
2014-02-21,8680
2014-02-22,13044
2014-02-23,13324
2014-02-24,12922
2014-02-25,12830
2014-02-26,11188
2014-02-27,12036
2014-02-28,9587
2014-03-01,9202
2014-03-02,8195
2014-03-03,7708
2014-03-04,10398
2014-03-05,13801
2014-03-06,12773
2014-03-07,13304
2014-03-08,16350
2014-03-09,12262
2014-03-10,17231
2014-03-11,24356
2014-03-12,15101
2014-03-13,10979
2014-03-14,16299
2014-03-15,18053
2014-03-16,9851
2014-03-17,12503
2014-03-18,16679
2014-03-19,13341
2014-03-20,19695
2014-03-21,20718
2014-03-22,19880
2014-03-23,11740
2014-03-24,13598
2014-03-25,16037
2014-03-26,14500
2014-03-27,16666
2014-03-28,18425
2014-03-29,4480
2014-03-30,7907
2014-03-31,17085
2014-04-01,23908
2014-04-02,22515
2014-04-03,26321
2014-04-04,12566
2014-04-05,18655
2014-04-06,20750
2014-04-07,14677
2014-04-08,21884
2014-04-09,26931
2014-04-10,27463
2014-04-11,26798
2014-04-12,27108
2014-04-13,26871
2014-04-14,28832
2014-04-15,10523
2014-04-16,20082
2014-04-17,22282
2014-04-18,20770
2014-04-19,24369
2014-04-20,18464
2014-04-21,27124
2014-04-22,27259
2014-04-23,26949
2014-04-24,28107
2014-04-25,27919
2014-04-26,19899
2014-04-27,21926
2014-04-28,28557
2014-04-29,18404
2014-04-30,2867
2014-05-01,26762
2014-05-02,32377
2014-05-03,25501
2014-05-04,21277
2014-05-05,30288
2014-05-06,32233
2014-05-07,32882
2014-05-08,17619
2014-05-09,22641
2014-05-10,21832
2014-05-11,28326
2014-05-12,31644
2014-05-13,32847
2014-05-14,30044
2014-05-15,26057
2014-05-16,17784
2014-05-17,29912
2014-05-18,27436
2014-05-19,31692
2014-05-20,35567
2014-05-21,34420
2014-05-22,24535
2014-05-23,24484
2014-05-24,16798
2014-05-25,25637
2014-05-26,26930
2014-05-27,32936
2014-05-28,29690
2014-05-29,33889
2014-05-30,34343
2014-05-31,27734
2014-06-01,31333
2014-06-02,34519
2014-06-03,29501
2014-06-04,36068
2014-06-05,24619
2014-06-06,37719
2014-06-07,31204
2014-06-08,30162
2014-06-09,18611
2014-06-10,33435
2014-06-11,30548
2014-06-12,29084
2014-06-13,18308
2014-06-14,28417
2014-06-15,28382
2014-06-16,34932
2014-06-17,35097
2014-06-18,35531
2014-06-19,31724
2014-06-20,34405
2014-06-21,30288
2014-06-22,29417
2014-06-23,32580
2014-06-24,35897
2014-06-25,34340
2014-06-26,34846
2014-06-27,35823
2014-06-28,28507
2014-06-29,27986
2014-06-30,33597
2014-07-01,34854
2014-07-02,26582
2014-07-03,27587
2014-07-04,13612
2014-07-05,22913
2014-07-06,23822
2014-07-07,31863
2014-07-08,32713
2014-07-09,34426
2014-07-10,36288
2014-07-11,35000
2014-07-12,28718
2014-07-13,24869
2014-07-14,25825
2014-07-15,22963
2014-07-16,35391
2014-07-17,38619
2014-07-18,36105
2014-07-19,29291
2014-07-20,30296
2014-07-21,35670
2014-07-22,36886
2014-07-23,34173
2014-07-24,36693
2014-07-25,36384
2014-07-26,27179
2014-07-27,27004
2014-07-28,33189
2014-07-29,37092
2014-07-30,37377
2014-07-31,35458
2014-08-01,32654
2014-08-02,26784
2014-08-03,25276
2014-08-04,33822
2014-08-05,34392
2014-08-06,36336
2014-08-07,36362
2014-08-08,34073
2014-08-09,31636
2014-08-10,26749
2014-08-11,33664
2014-08-12,26261
2014-08-13,27977
2014-08-14,35154
2014-08-15,32480
2014-08-16,32017
2014-08-17,27417
2014-08-18,34339
2014-08-19,35367
2014-08-20,35532
2014-08-21,33804
2014-08-22,30406
2014-08-23,26429
2014-08-24,27493
2014-08-25,32892
2014-08-26,34519
2014-08-27,33721
2014-08-28,33927
2014-08-29,31264
2014-08-30,22689
2014-08-31,18053
2014-09-01,23575
2014-09-02,30507
2014-09-03,35535
2014-09-04,36496
2014-09-05,34831
2014-09-06,25833
2014-09-07,29721
2014-09-08,34335
2014-09-09,34518
2014-09-10,37653
2014-09-11,37081
2014-09-12,37204
2014-09-13,17293
2014-09-14,28688
2014-09-15,35045
2014-09-16,25633
2014-09-17,37453
2014-09-18,37381
2014-09-19,34713
2014-09-20,30011
2014-09-21,26080
2014-09-22,33239
2014-09-23,36347
2014-09-24,35481
2014-09-25,16650
2014-09-26,35116
2014-09-27,30193
2014-09-28,29021
2014-09-29,33161
2014-09-30,35093
2014-10-01,27942
2014-10-02,34492
2014-10-03,34944
2014-10-04,13354
2014-10-05,23456
2014-10-06,31742
2014-10-07,32892
2014-10-08,33607
2014-10-09,32203
2014-10-10,30887
2014-10-11,12965
2014-10-12,23394
2014-10-13,22752
2014-10-14,32614
2014-10-15,28743
2014-10-16,26754
2014-10-17,34132
2014-10-18,24978
2014-10-19,18840
2014-10-20,27914
2014-10-21,31330
2014-10-22,9169
2014-10-23,13371
2014-10-24,29837
2014-10-25,24952
2014-10-26,20768
2014-10-27,28806
2014-10-28,32956
2014-10-29,29999
2014-10-30,31133
2014-10-31,27785
2014-11-01,6002
2014-11-02,14100
2014-11-03,26757
2014-11-04,31174
2014-11-05,30539
2014-11-06,12283
2014-11-07,25355
2014-11-08,17443
2014-11-09,18207
2014-11-10,27655
2014-11-11,29358
2014-11-12,27807
2014-11-13,20652
2014-11-14,21082
2014-11-15,14057
2014-11-16,13272
2014-11-17,8116
2014-11-18,16691
2014-11-19,16694
2014-11-20,20611
2014-11-21,17806
2014-11-22,12682
2014-11-23,15669
2014-11-24,23031
2014-11-25,25580
2014-11-26,3675
2014-11-27,3945
2014-11-28,8378
2014-11-29,8183
2014-11-30,12384
2014-12-01,18519
2014-12-02,15367
2014-12-03,13472
2014-12-04,21335
2014-12-05,15818
2014-12-06,4047
2014-12-07,10510
2014-12-08,15557
2014-12-09,6713
2014-12-10,10399
2014-12-11,18141
2014-12-12,17892
2014-12-13,12549
2014-12-14,11941
2014-12-15,19382
2014-12-16,16816
2014-12-17,20346
2014-12-18,19051
2014-12-19,17200
2014-12-20,9582
2014-12-21,8747
2014-12-22,13560
2014-12-23,9422
2014-12-24,4285
2014-12-25,4890
2014-12-26,9895
2014-12-27,10247
2014-12-28,7902
2014-12-29,13549
2014-12-30,12196
2014-12-31,9739
2015-01-01,5317
2015-01-02,11304
2015-01-03,4478
2015-01-04,7849
2015-01-05,14506
2015-01-06,8739
2015-01-07,9646
2015-01-08,8779
2015-01-09,7930
2015-01-10,6109
2015-01-11,7467
2015-01-12,8645
2015-01-13,12797
2015-01-14,13086
2015-01-15,14075
2015-01-16,13843
2015-01-17,7491
2015-01-18,1795
2015-01-19,10710
2015-01-20,16129
2015-01-21,15234
2015-01-22,15864
2015-01-23,15737
2015-01-24,4814
2015-01-25,9379
2015-01-26,4141
2015-01-27,1214
2015-01-28,5401
2015-01-29,8870
2015-01-30,9015
2015-01-31,5188
2015-02-01,6441
2015-02-02,1459
2015-02-03,4754
2015-02-04,8973
2015-02-05,9208
2015-02-06,8575
2015-02-07,6790
2015-02-08,6662
2015-02-09,5160
2015-02-10,10328
2015-02-11,11439
2015-02-12,11269
2015-02-13,7642
2015-02-14,4614
2015-02-15,2581
2015-02-16,3998
2015-02-17,4784
2015-02-18,9170
2015-02-19,7799
2015-02-20,6159
2015-02-21,3157
2015-02-22,4274
2015-02-23,7458
2015-02-24,7402
2015-02-25,10751
2015-02-26,9901
2015-02-27,9864
2015-02-28,6318
2015-03-01,2879
2015-03-02,7283
2015-03-03,6533
2015-03-04,7514
2015-03-05,1637
2015-03-06,5162
2015-03-07,5590
2015-03-08,7898
2015-03-09,14878
2015-03-10,11781
2015-03-11,19561
2015-03-12,17530
2015-03-13,16145
2015-03-14,3906
2015-03-15,8838
2015-03-16,16787
2015-03-17,14857
2015-03-18,13842
2015-03-19,15446
2015-03-20,8052
2015-03-21,9338
2015-03-22,9676
2015-03-23,13538
2015-03-24,16166
2015-03-25,14670
2015-03-26,14954
2015-03-27,14107
2015-03-28,1107
2015-03-29,9826
2015-03-30,18075
2015-03-31,14250
2015-04-01,20146
2015-04-02,24227
2015-04-03,14774
2015-04-04,14355
2015-04-05,13799
2015-04-06,23391
2015-04-07,16262
2015-04-08,17872
2015-04-09,16546
2015-04-10,16317
2015-04-11,18643
2015-04-12,19954
2015-04-13,24925
2015-04-14,22703
2015-04-15,27594
2015-04-16,27180
2015-04-17,24175
2015-04-18,28174
2015-04-19,21475
2015-04-20,11202
2015-04-21,24868
2015-04-22,21997
2015-04-23,22074
2015-04-24,20981
2015-04-25,21082
2015-04-26,21594
2015-04-27,25501
2015-04-28,29795
2015-04-29,31532
2015-04-30,29252
2015-05-01,27924
2015-05-02,25743
2015-05-03,27694
2015-05-04,32066
2015-05-05,33012
2015-05-06,30313
2015-05-07,34871
2015-05-08,34304
2015-05-09,24329
2015-05-10,26573
2015-05-11,32382
2015-05-12,35225
2015-05-13,33402
2015-05-14,40826
2015-05-15,34945
2015-05-16,23882
2015-05-17,30969
2015-05-18,31559
2015-05-19,33895
2015-05-20,33823
2015-05-21,31214
2015-05-22,31891
2015-05-23,23910
2015-05-24,25151
2015-05-25,28164
2015-05-26,35786
2015-05-27,33710
2015-05-28,35934
2015-05-29,37756
2015-05-30,31147
2015-05-31,19586
2015-06-01,15283
2015-06-02,11984
2015-06-03,34590
2015-06-04,32772
2015-06-05,31294
2015-06-06,26334
2015-06-07,30773
2015-06-08,33585
2015-06-09,35412
2015-06-10,39350
2015-06-11,37400
2015-06-12,35136
2015-06-13,29980
2015-06-14,28184
2015-06-15,25087
2015-06-16,32147
2015-06-17,38030
2015-06-18,35464
2015-06-19,37380
2015-06-20,23580
2015-06-21,25926
2015-06-22,37677
2015-06-23,32294
2015-06-24,41070
2015-06-25,39673
2015-06-26,38614
2015-06-27,15485
2015-06-28,20591
2015-06-29,38037
2015-06-30,38087
2015-07-01,37539
2015-07-02,35559
2015-07-03,26928
2015-07-04,21706
2015-07-05,25920
2015-07-06,35251
2015-07-07,36837
2015-07-08,35047
2015-07-09,31978
2015-07-10,38559
2015-07-11,31719
2015-07-12,31037
2015-07-13,38485
2015-07-14,35802
2015-07-15,34979
2015-07-16,42356
2015-07-17,39595
2015-07-18,28870
2015-07-19,28531
2015-07-20,34889
2015-07-21,38499
2015-07-22,42557
2015-07-23,42175
2015-07-24,40330
2015-07-25,31639
2015-07-26,30543
2015-07-27,38747
2015-07-28,40434
2015-07-29,39428
2015-07-30,31166
2015-07-31,38571
2015-08-01,35179
2015-08-02,31622
2015-08-03,38888
2015-08-04,40783
2015-08-05,41075
2015-08-06,42283
2015-08-07,40999
2015-08-08,38723
2015-08-09,32716
2015-08-10,39870
2015-08-11,25066
2015-08-12,42994
2015-08-13,42170
2015-08-14,39983
2015-08-15,37821
2015-08-16,30344
2015-08-17,37449
2015-08-18,39916
2015-08-19,40726
2015-08-20,39280
2015-08-21,38038
2015-08-22,34277
2015-08-23,33071
2015-08-24,38943
2015-08-25,41655
2015-08-26,42832
2015-08-27,43173
2015-08-28,41755
2015-08-29,34381
2015-08-30,32913
2015-08-31,40119
2015-09-01,43291
2015-09-02,43225
2015-09-03,42879
2015-09-04,39956
2015-09-05,34005
2015-09-06,33199
2015-09-07,33682
2015-09-08,42766
2015-09-09,44005
2015-09-10,22253
2015-09-11,47613
2015-09-12,33661
2015-09-13,34794
2015-09-14,44668
2015-09-15,48729
2015-09-16,51179
2015-09-17,50705
2015-09-18,50285
2015-09-19,43011
2015-09-20,40462
2015-09-21,47180
2015-09-22,48685
2015-09-23,48366
2015-09-24,52706
2015-09-25,51368
2015-09-26,42560
2015-09-27,38285
2015-09-28,48011
2015-09-29,48725
2015-09-30,39445
2015-10-01,35247
2015-10-02,9628
2015-10-03,16832
2015-10-04,30857
2015-10-05,45288
2015-10-06,50539
2015-10-07,50915
2015-10-08,50945
2015-10-09,37825
2015-10-10,40134
2015-10-11,39648
2015-10-12,46332
2015-10-13,49790
2015-10-14,50737
2015-10-15,49549
2015-10-16,47180
2015-10-17,32317
2015-10-18,24354
2015-10-19,37150
2015-10-20,46058
2015-10-21,49891
2015-10-22,50312
2015-10-23,45347
2015-10-24,32214
2015-10-25,29792
2015-10-26,42851
2015-10-27,45199
2015-10-28,21094
2015-10-29,46050
2015-10-30,45196
2015-10-31,32270
2015-11-01,31112
2015-11-02,45228
2015-11-03,50030
2015-11-04,50186
2015-11-05,43674
2015-11-06,47875
2015-11-07,36124
2015-11-08,32839
2015-11-09,42841
2015-11-10,21948
2015-11-11,38249
2015-11-12,37881
2015-11-13,39527
2015-11-14,25667
2015-11-15,26391
2015-11-16,41634
2015-11-17,39533
2015-11-18,42096
2015-11-19,22264
2015-11-20,38830
2015-11-21,28445
2015-11-22,23691
2015-11-23,30619
2015-11-24,32701
2015-11-25,30762
2015-11-26,13513
2015-11-27,23214
2015-11-28,16086
2015-11-29,18695
2015-11-30,30703
2015-12-01,18692
2015-12-02,24118
2015-12-03,34399
2015-12-04,35265
2015-12-05,26740
2015-12-06,25271
2015-12-07,34640
2015-12-08,36105
2015-12-09,35797
2015-12-10,39624
2015-12-11,39556
2015-12-12,32388
2015-12-13,32427
2015-12-14,33002
2015-12-15,39211
2015-12-16,36172
2015-12-17,22320
2015-12-18,31177
2015-12-19,18038
2015-12-20,17269
2015-12-21,30270
2015-12-22,23324
2015-12-23,15069
2015-12-24,18725
2015-12-25,12538
2015-12-26,14117
2015-12-27,13402
2015-12-28,19175
2015-12-29,13560
2015-12-30,22852
2015-12-31,20720
2016-01-01,11172
2016-01-02,14794
2016-01-03,15775
2016-01-04,19879
2016-01-05,18326
2016-01-06,24922
2016-01-07,28215
2016-01-08,29131
2016-01-09,21140
2016-01-10,14481
2016-01-11,23276
2016-01-12,25578
2016-01-13,21458
2016-01-14,24121
2016-01-15,28862
2016-01-16,19466
2016-01-17,12188
2016-01-18,12878
2016-01-19,17550
2016-01-20,23787
2016-01-21,24022
2016-01-22,21243
2016-01-27,6854
2016-01-28,12149
2016-01-29,16252
2016-01-30,13122
2016-01-31,16316
2016-02-01,24689
2016-02-02,28939
2016-02-03,16470
2016-02-04,28144
2016-02-05,13847
2016-02-06,17157
2016-02-07,17838
2016-02-08,19329
2016-02-09,23038
2016-02-10,22725
2016-02-11,19016
2016-02-12,16698
2016-02-13,6688
2016-02-14,4713
2016-02-15,5975
2016-02-16,14764
2016-02-17,23925
2016-02-18,22601
2016-02-19,22289
2016-02-20,24826
2016-02-21,20356
2016-02-22,28670
2016-02-23,16428
2016-02-24,9931
2016-02-25,25474
2016-02-26,22918
2016-02-27,17463
2016-02-28,25854
2016-02-29,28359
2016-03-01,30950
2016-03-02,26554
2016-03-03,24421
2016-03-04,17611
2016-03-05,18276
2016-03-06,19077
2016-03-07,31934
2016-03-08,37041
2016-03-09,42108
2016-03-10,42874
2016-03-11,38727
2016-03-12,33212
2016-03-13,27955
2016-03-14,11143
2016-03-15,32109
2016-03-16,36592
2016-03-17,35955
2016-03-18,35176
2016-03-19,24409
2016-03-20,16951
2016-03-21,26830
2016-03-22,33995
2016-03-23,41566
2016-03-24,37048
2016-03-25,34575
2016-03-26,27861
2016-03-27,22787
2016-03-28,20651
2016-03-29,31919
2016-03-30,34202
2016-03-31,38923
2016-04-01,34972
2016-04-02,22156
2016-04-03,15526
2016-04-04,12557
2016-04-05,26660
2016-04-06,29828
2016-04-07,30879
2016-04-08,31273
2016-04-09,12903
2016-04-10,23499
2016-04-11,32563
2016-04-12,24196
2016-04-13,38134
2016-04-14,39098
2016-04-15,40270
2016-04-16,36690
2016-04-17,39535
2016-04-18,44700
2016-04-19,46779
2016-04-20,45231
2016-04-21,46307
2016-04-22,49647
2016-04-23,34203
2016-04-24,38492
2016-04-25,43049
2016-04-26,35307
2016-04-27,42668
2016-04-28,38060
2016-04-29,35436
2016-04-30,38873
2016-05-01,10883
2016-05-02,39138
2016-05-03,23289
2016-05-04,32193
2016-05-05,40527
2016-05-06,19198
2016-05-07,31528
2016-05-08,31617
2016-05-09,46501
2016-05-10,45538
2016-05-11,51929
2016-05-12,53096
2016-05-13,32942
2016-05-14,42751
2016-05-15,29101
2016-05-16,43490
2016-05-17,44112
2016-05-18,45502
2016-05-19,49978
2016-05-20,53277
2016-05-21,30921
2016-05-22,38428
2016-05-23,49383
2016-05-24,35479
2016-05-25,54333
2016-05-26,52950
2016-05-27,47683
2016-05-28,34750
2016-05-29,37508
2016-05-30,33169
2016-05-31,50574
2016-06-01,55507
2016-06-02,55237
2016-06-03,39596
2016-06-04,41567
2016-06-05,22814
2016-06-06,52956
2016-06-07,52677
2016-06-08,42943
2016-06-09,53706
2016-06-10,54151
2016-06-11,41647
2016-06-12,41325
2016-06-13,49897
2016-06-14,55680
2016-06-15,55934
2016-06-16,46983
2016-06-17,55148
2016-06-18,49650
2016-06-19,46104
2016-06-20,53140
2016-06-21,54439
2016-06-22,56698
2016-06-23,54127
2016-06-24,55113
2016-06-25,43751
2016-06-26,43671
2016-06-27,47854
2016-06-28,50436
2016-06-29,55805
2016-06-30,55709
2016-07-01,40378
2016-07-02,36404
2016-07-03,35976
2016-07-04,35602
2016-07-05,44564
2016-07-06,52250
2016-07-07,49617
2016-07-08,45202
2016-07-09,38749
2016-07-10,42702
2016-07-11,53691
2016-07-12,57497
2016-07-13,56420
2016-07-14,51233
2016-07-15,49417
2016-07-16,38995
2016-07-17,42053
2016-07-18,44455
2016-07-19,55457
2016-07-20,58155
2016-07-21,55802
2016-07-22,50082
2016-07-23,38201
2016-07-24,40363
2016-07-25,36056
2016-07-26,53921
2016-07-27,55142
2016-07-28,51041
2016-07-29,38472
2016-07-30,28355
2016-07-31,28294
2016-08-01,50423
2016-08-02,57899
2016-08-03,58188
2016-08-04,57845
2016-08-05,54489
2016-08-06,45084
2016-08-07,44579
2016-08-08,53414
2016-08-09,57340
2016-08-10,51249
2016-08-11,48519
2016-08-12,45823
2016-08-13,39622
2016-08-14,33716
2016-08-15,50302
2016-08-16,51494
2016-08-17,55266
2016-08-18,54446
2016-08-19,52786
2016-08-20,46704
2016-08-21,35668
2016-08-22,55575
2016-08-23,59799
2016-08-24,59380
2016-08-25,54702
2016-08-26,53321
2016-08-27,46818
2016-08-28,45847
2016-08-29,54435
2016-08-30,58672
2016-08-31,58407
2016-09-01,39102
2016-09-02,54202
2016-09-03,42477
2016-09-04,46935
2016-09-05,46379
2016-09-06,53667
2016-09-07,61801
2016-09-08,62880
2016-09-09,58059
2016-09-10,49400
2016-09-11,53148
2016-09-12,62351
2016-09-13,66210
2016-09-14,60428
2016-09-15,68658
2016-09-16,66584
2016-09-17,60177
2016-09-18,52646
2016-09-19,34919
2016-09-20,66172
2016-09-21,66708
2016-09-22,69138
2016-09-23,66838
2016-09-24,54236
2016-09-25,54617
2016-09-26,62645
2016-09-27,62613
2016-09-28,60706
2016-09-29,56722
2016-09-30,21863
2016-10-01,40551
2016-10-02,41777
2016-10-03,57525
2016-10-04,61640
2016-10-05,66330
2016-10-06,68767
2016-10-07,67095
2016-10-08,35256
2016-10-09,22076
2016-10-10,53303
2016-10-11,59900
2016-10-12,58961
2016-10-13,62395
2016-10-14,61700
2016-10-15,52921
2016-10-16,49653
2016-10-17,63907
2016-10-18,69469
2016-10-19,70991
2016-10-20,64887
2016-10-21,41674
2016-10-22,25739
2016-10-23,42117
2016-10-24,56384
2016-10-25,53693
2016-10-26,53452
2016-10-27,21560
2016-10-28,47121
2016-10-29,43165
2016-10-30,38388
2016-10-31,51086
2016-11-01,56983
2016-11-02,63234
2016-11-03,60628
2016-11-04,58887
2016-11-05,49463
2016-11-06,40129
2016-11-07,50788
2016-11-08,57591
2016-11-09,38789
2016-11-10,51793
2016-11-11,46640
2016-11-12,35240
2016-11-13,37430
2016-11-14,49787
2016-11-15,23316
2016-11-16,54328
2016-11-17,54894
2016-11-18,54311
2016-11-19,41977
2016-11-20,20952
2016-11-21,33649
2016-11-22,37480
2016-11-23,35209
2016-11-24,12369
2016-11-25,21404
2016-11-26,24255
2016-11-27,24520
2016-11-28,42808
2016-11-29,14952
2016-11-30,24968
2016-12-01,44025
2016-12-02,43125
2016-12-03,30325
2016-12-04,27889
2016-12-05,36572
2016-12-06,33943
2016-12-07,38730
2016-12-08,40320
2016-12-09,34213
2016-12-10,22746
2016-12-11,18098
2016-12-12,29577
2016-12-13,39757
2016-12-14,38506
2016-12-15,25538
2016-12-16,25014
2016-12-17,7109
2016-12-18,16552
2016-12-19,26128
2016-12-20,28236
2016-12-21,31187
2016-12-22,31499
2016-12-23,26843
2016-12-24,8190
2016-12-25,10131
2016-12-26,10998
2016-12-27,26535
2016-12-28,24079
2016-12-29,13476
2016-12-30,21754
2016-12-31,16211
2017-01-01,16281
2017-01-02,9065
2017-01-03,14546
2017-01-04,34673
2017-01-05,28945
2017-01-06,24612
2017-01-07,4497
2017-01-08,6522
2017-01-09,16174
2017-01-10,23637
2017-01-11,32988
2017-01-12,40438
2017-01-13,34212
2017-01-14,14054
2017-01-15,17668
2017-01-16,24545
2017-01-17,19039
2017-01-18,31411
2017-01-19,37163
2017-01-20,27275
2017-01-21,27016
2017-01-22,20879
2017-01-23,16092
2017-01-24,13431
2017-01-25,37571
2017-01-26,33578
2017-01-27,32971
2017-01-28,21627
2017-01-29,22870
2017-01-30,30169
2017-01-31,25653
2017-02-01,35790
2017-02-02,35097
2017-02-03,30196
2017-02-04,19582
2017-02-05,20384
2017-02-06,34030
2017-02-07,23531
2017-02-08,41127
2017-02-10,2049
2017-02-11,9169
2017-02-12,5876
2017-02-13,24181
2017-02-14,30222
2017-02-15,32572
2017-02-16,29670
2017-02-17,29233
2017-02-18,31072
2017-02-19,37616
2017-02-20,32863
2017-02-21,33271
2017-02-22,38803
2017-02-23,43153
2017-02-24,47791
2017-02-25,33997
2017-02-26,25130
2017-02-27,36673
2017-02-28,42595
2017-03-01,41350
2017-03-02,36393
2017-03-03,31709
2017-03-04,15908
2017-03-05,16214
2017-03-06,33088
2017-03-07,30239
2017-03-08,44202
2017-03-09,45972
2017-03-10,18731
2017-03-11,15446
2017-03-12,13688
2017-03-13,27887
2017-03-17,7099
2017-03-18,4137
2017-03-19,10653
2017-03-20,27722
2017-03-21,37452
2017-03-22,27396
2017-03-23,30428
2017-03-24,34602
2017-03-25,30129
2017-03-26,20201
2017-03-27,26727
2017-03-28,21960
2017-03-29,43057
2017-03-30,40368
2017-03-31,7108
2017-04-01,24205
2017-04-02,40397
2017-04-03,44111
2017-04-04,30505
2017-04-05,48355
2017-04-06,18355
2017-04-07,36387
2017-04-08,36478
2017-04-09,44651
2017-04-10,51234
2017-04-11,58221
2017-04-12,52005
2017-04-13,53692
2017-04-14,53025
2017-04-15,43149
2017-04-16,49080
2017-04-17,54128
2017-04-18,54631
2017-04-19,46567
2017-04-20,44958
2017-04-21,40514
2017-04-22,35214
2017-04-23,49769
2017-04-24,49490
2017-04-25,20722
2017-04-26,38393
2017-04-27,52857
2017-04-28,63203
2017-04-29,58669
2017-04-30,43625
2017-05-01,57266
2017-05-02,62141
2017-05-03,60241
2017-05-04,58395
2017-05-05,24511
2017-05-06,47382
2017-05-07,34803
2017-05-08,52441
2017-05-09,57485
2017-05-10,59415
2017-05-11,58224
2017-05-12,57636
2017-05-13,5799
2017-05-14,39376
2017-05-15,55705
2017-05-16,65670
2017-05-17,66848
2017-05-18,64730
2017-05-19,63145
2017-05-20,48653
2017-05-21,55747
2017-05-22,25097
2017-05-23,61145
2017-05-24,61646
2017-05-25,17907
2017-05-26,54726
2017-05-27,47251
2017-05-28,47447
2017-05-29,26773
2017-05-30,51117
2017-05-31,60512
2017-06-01,68642
2017-06-02,68089
2017-06-03,57161
2017-06-04,40868
2017-06-05,56884
2017-06-06,42116
2017-06-07,65606
2017-06-08,63809
2017-06-09,67696
2017-06-10,58066
2017-06-11,52318
2017-06-12,59037
2017-06-13,62056
2017-06-14,61574
2017-06-15,65970
2017-06-16,57443
2017-06-17,35537
2017-06-18,50293
2017-06-19,39117
2017-06-20,65892
2017-06-21,68417
2017-06-22,67596
2017-06-23,56438
2017-06-24,53068
2017-06-25,55608
2017-06-26,63903
2017-06-27,66034
2017-06-28,69041
2017-06-29,65564
2017-06-30,59811
2017-07-01,37398
2017-07-02,43800
2017-07-03,49118
2017-07-04,50919
2017-07-05,61501
2017-07-06,63408
2017-07-07,44960
2017-07-08,55996
2017-07-09,58133
2017-07-10,62112
2017-07-11,62930
2017-07-12,63021
2017-07-13,57627
2017-07-14,32574
2017-07-15,57446
2017-07-16,57892
2017-07-17,63812
2017-07-18,67529
2017-07-19,65175
2017-07-20,60897
2017-07-21,61301
2017-07-22,48873
2017-07-23,47779
2017-07-24,44702
2017-07-25,66620
2017-07-26,71672
2017-07-27,67066
2017-07-28,65089
2017-07-29,53897
2017-07-30,60402
2017-07-31,65523
2017-08-01,67997
2017-08-02,57363
2017-08-03,67453
2017-08-04,57587
2017-08-05,59884
2017-08-06,57510
2017-08-07,23937
2017-08-08,66481
2017-08-09,69194
2017-08-10,67617
2017-08-11,64423
2017-08-12,61572
2017-08-13,58525
2017-08-14,62708
2017-08-15,53572
2017-08-16,69833
2017-08-17,68065
2017-08-18,37375
2017-08-19,63438
2017-08-20,56536
2017-08-21,62291
2017-08-22,61767
2017-08-23,66396
2017-08-24,67609
2017-08-25,65491
2017-08-26,51025
2017-08-27,55578
2017-08-28,62062
2017-08-29,35914
2017-08-30,66621
2017-08-31,66146
2017-09-01,55991
2017-09-02,38457
2017-09-03,31518
2017-09-04,56187
2017-09-05,66625
2017-09-06,43177
2017-09-07,70797
2017-09-08,70874
2017-09-09,61108
2017-09-10,61687
2017-09-11,73225
2017-09-12,75917
2017-09-13,70794
2017-09-14,73366
2017-09-15,73639
2017-09-16,62045
2017-09-17,60967
2017-09-18,65366
2017-09-19,59015
2017-09-20,72482
2017-09-21,69088
2017-09-22,71430
2017-09-23,63764
2017-09-24,58420
2017-09-25,70415
2017-09-26,72359
2017-09-27,71007
2017-09-28,72084
2017-09-29,68375
2017-09-30,51038
2017-10-01,56411
2017-10-02,66846
2017-10-03,70550
2017-10-04,72898
2017-10-05,71560
2017-10-06,71567
2017-10-07,64728
2017-10-08,41748
2017-10-09,39247
2017-10-10,75586
2017-10-11,64879
2017-10-12,62485
2017-10-13,68355
2017-10-14,59671
2017-10-15,57411
2017-10-16,62971
2017-10-17,65711
2017-10-18,71558
2017-10-19,73604
2017-10-20,73519
2017-10-21,66886
2017-10-22,63114
2017-10-23,70523
2017-10-24,49012
2017-10-25,72535
2017-10-26,65105
2017-10-27,70412
2017-10-28,62322
2017-10-29,9731
2017-10-30,50197
2017-10-31,61369
2017-11-01,61898
2017-11-02,72093
2017-11-03,72972
2017-11-04,54243
2017-11-05,35515
2017-11-06,58643
2017-11-07,37018
2017-11-08,55257
2017-11-09,59434
2017-11-10,39196
2017-11-11,28595
2017-11-12,32957
2017-11-13,39500
2017-11-14,53212
2017-11-15,55209
2017-11-16,50638
2017-11-17,49846
2017-11-18,28214
2017-11-19,32051
2017-11-20,45968
2017-11-21,53383
2017-11-22,32983
2017-11-23,13985
2017-11-24,24171
2017-11-25,30956
2017-11-26,27675
2017-11-27,47633
2017-11-28,52080
2017-11-29,56245
2017-11-30,52661
2017-12-01,51706
2017-12-02,39538
2017-12-03,34264
2017-12-04,50532
2017-12-05,42494
2017-12-06,47172
2017-12-07,46238
2017-12-08,42058
2017-12-09,10963
2017-12-10,20076
2017-12-11,42625
2017-12-12,43414
2017-12-13,33177
2017-12-14,27977
2017-12-15,23367
2017-12-16,19350
2017-12-17,22724
2017-12-18,40882
2017-12-19,50310
2017-12-20,42158
2017-12-21,38294
2017-12-22,34950
2017-12-23,9821
2017-12-24,13482
2017-12-25,6584
2017-12-26,14438
2017-12-27,16740
2017-12-28,13709
2017-12-29,14029
2017-12-30,6086
2017-12-31,6707
2018-01-01,5601
2018-01-02,19212
2018-01-03,24768
2018-01-04,1974
2018-01-05,5093
2018-01-06,4370
2018-01-07,5730
2018-01-08,16144
2018-01-09,25505
2018-01-10,28761
2018-01-11,34545
2018-01-12,22631
2018-01-13,18062
2018-01-14,12590
2018-01-15,17934
2018-01-16,30803
2018-01-17,19412
2018-01-18,28132
2018-01-19,31067
2018-01-20,29013
2018-01-21,28365
2018-01-22,37531
2018-01-23,29321
2018-01-24,36693
2018-01-25,31732
2018-01-26,33661
2018-01-27,34858
2018-01-28,20388
2018-01-29,37493
2018-01-30,28481
2018-01-31,31801
2018-02-01,36172
2018-02-02,26807
2018-02-03,18686
2018-02-04,14234
2018-02-05,29627
2018-02-06,34743
2018-02-07,15603
2018-02-08,32155
2018-02-09,32148
2018-02-10,16588
2018-02-11,8960
2018-02-12,35828
2018-02-13,35827
2018-02-14,40300
2018-02-15,44896
2018-02-16,29714
2018-02-17,18252
2018-02-18,21884
2018-02-19,26065
2018-02-20,45259
2018-02-21,53998
2018-02-22,27538
2018-02-23,26172
2018-02-24,25974
2018-02-25,16419
2018-02-26,43404
2018-02-27,49378
2018-02-28,51587
2018-03-01,46373
2018-03-02,6987
2018-03-03,28785
2018-03-04,25646
2018-03-05,37564
2018-03-06,43421
2018-03-07,8335
2018-03-08,28746
2018-03-09,35437
2018-03-10,25859
2018-03-11,27983
2018-03-12,37068
2018-03-13,23638
2018-03-14,36121
2018-03-15,40270
2018-03-16,35573
2018-03-17,28111
2018-03-18,25540
2018-03-19,40018
2018-03-20,36273
2018-03-21,3847
2018-03-22,27437
2018-03-23,39221
2018-03-24,35016
2018-03-25,25988
2018-03-26,41117
2018-03-27,42124
2018-03-28,43321
2018-03-29,40125
2018-03-30,35407
2018-03-31,42430
2018-04-01,33644
2018-04-02,22460
2018-04-03,26444
2018-04-04,37454
2018-04-05,40589
2018-04-06,36257
2018-04-07,33818
2018-04-08,28899
2018-04-09,41315
2018-04-10,43926
2018-04-11,49500
2018-04-12,54134
2018-04-13,64571
2018-04-14,63741
2018-04-15,20788
2018-04-16,26759
2018-04-17,45547
2018-04-18,52051
2018-04-19,39060
2018-04-20,47872
2018-04-21,64572
2018-04-22,55272
2018-04-23,58904
2018-04-24,59631
2018-04-25,31852
2018-04-26,67195
2018-04-27,39929
2018-04-28,57551
2018-04-29,45560
2018-04-30,41882
2018-05-01,73259
2018-05-02,78048
2018-05-03,70300
2018-05-04,72449
2018-05-05,64442
2018-05-06,49824
2018-05-07,70249
2018-05-08,75697
2018-05-09,79843
2018-05-10,68687
2018-05-11,76617
2018-05-12,35127
2018-05-13,26407
2018-05-14,65998
2018-05-15,53865
2018-05-16,33558
2018-05-17,50730
2018-05-18,64314
2018-05-19,18396
2018-05-20,57976
2018-05-21,72616
2018-05-22,49558
2018-05-23,74044
2018-05-24,76291
2018-05-25,70753
2018-05-26,52572
2018-05-27,26263
2018-05-28,49961
2018-05-29,70517
2018-05-30,73777
2018-05-31,57028
2018-06-01,64121
2018-06-02,61454
2018-06-03,50993
2018-06-04,60184
2018-06-05,73479
2018-06-06,71367
2018-06-07,72055
2018-06-08,74180
2018-06-09,66478
2018-06-10,42345
2018-06-11,69636
2018-06-12,77898
2018-06-13,65749
2018-06-14,77408
2018-06-15,73956
2018-06-16,64342
2018-06-17,57227
2018-06-18,64917
2018-06-19,73729
2018-06-20,75619
2018-06-21,71556
2018-06-22,72626
2018-06-23,52035
2018-06-24,56873
2018-06-25,73392
2018-06-26,82442
2018-06-27,69206
2018-06-28,51587
2018-06-29,71417
2018-06-30,55769
2018-07-01,46125
2018-07-02,60081
2018-07-03,56121
2018-07-04,49562
2018-07-05,60823
2018-07-06,50690
2018-07-07,62035
2018-07-08,61643
2018-07-09,71724
2018-07-10,74193
2018-07-11,74627
2018-07-12,76488
2018-07-13,73734
2018-07-14,63789
2018-07-15,53331
2018-07-16,68707
2018-07-17,49713
2018-07-18,77414
2018-07-19,79643
2018-07-20,76157
2018-07-21,54777
2018-07-22,45191
2018-07-23,54289
2018-07-24,71388
2018-07-25,43965
2018-07-26,72660
2018-07-27,50303
2018-07-28,62765
2018-07-29,64778
2018-07-30,71145
2018-07-31,78032
2018-08-01,65975
2018-08-02,71331
2018-08-03,63468
2018-08-04,52174
2018-08-05,59554
2018-08-06,67335
2018-08-07,65959
2018-08-08,72275
2018-08-09,73625
2018-08-10,71177
2018-08-11,37341
2018-08-12,61064
2018-08-13,45478
2018-08-14,65219
2018-08-15,74779
2018-08-16,72503
2018-08-17,64804
2018-08-18,58244
2018-08-19,46724
2018-08-20,69119
2018-08-21,76888
2018-08-22,74276
2018-08-23,75461
2018-08-24,74448
2018-08-25,65853
2018-08-26,62038
2018-08-27,69203
2018-08-28,68209
2018-08-29,67481
2018-08-30,69449
2018-08-31,60155
2018-09-01,55238
2018-09-02,61802
2018-09-03,56082
2018-09-04,70046
2018-09-05,76586
2018-09-06,71727
2018-09-07,76185
2018-09-08,59364
2018-09-09,20330
2018-09-10,24705
2018-09-11,68045
2018-09-12,54428
2018-09-13,75586
2018-09-14,75869
2018-09-15,72461
2018-09-16,70917
2018-09-17,72885
2018-09-18,54377
2018-09-19,76047
2018-09-20,78432
2018-09-21,76566
2018-09-22,70420
2018-09-23,56505
2018-09-24,73278
2018-09-25,25954
2018-09-26,69582
2018-09-27,76982
2018-09-28,58437
2018-09-29,70592
2018-09-30,67478
2018-10-01,72886
2018-10-02,74812
2018-10-03,78474
2018-10-04,72254
2018-10-05,76109
2018-10-06,58227
2018-10-07,61649
2018-10-08,59191
2018-10-09,75468
2018-10-10,78453
2018-10-11,47671
2018-10-12,68394
2018-10-13,55270
2018-10-14,54748
2018-10-15,59688
2018-10-16,67270
2018-10-17,68354
2018-10-18,62124
2018-10-19,65369
2018-10-20,56714
2018-10-21,39436
2018-10-22,58348
2018-10-23,68724
2018-10-24,64713
2018-10-25,62004
2018-10-26,60376
2018-10-27,13206
2018-10-28,42745
2018-10-29,60389
2018-10-30,65925
2018-10-31,68804
2018-11-01,74596
2018-11-02,64091
2018-11-03,49335
2018-11-04,51014
2018-11-05,33652
2018-11-06,40696
2018-11-07,68447
2018-11-08,64700
2018-11-09,37157
2018-11-10,38074
2018-11-11,36804
2018-11-12,51582
2018-11-13,37116
2018-11-14,49971
2018-11-15,25281
2018-11-16,34800
2018-11-17,38405
2018-11-18,34750
2018-11-19,55077
2018-11-20,52323
2018-11-21,40792
2018-11-22,8894
2018-11-23,16242
2018-11-24,20174
2018-11-25,34754
2018-11-26,29456
2018-11-27,50340
2018-11-28,48686
2018-11-29,51714
2018-11-30,46342
2018-12-01,38147
2018-12-02,18504
2018-12-03,54267
2018-12-04,49260
2018-12-05,46944
2018-12-06,46848
2018-12-07,44163
2018-12-08,30019
2018-12-09,27693
2018-12-10,43652
2018-12-11,47642
2018-12-12,48083
2018-12-13,41075
2018-12-14,45141
2018-12-15,36592
2018-12-16,9936
2018-12-17,45596
2018-12-18,41965
2018-12-19,44333
2018-12-20,34214
2018-12-21,24153
2018-12-22,25107
2018-12-23,22377
2018-12-24,19129
2018-12-25,11301
2018-12-26,25710
2018-12-27,31593
2018-12-28,12171
2018-12-29,29236
2018-12-30,22737
2018-12-31,19122
2019-01-01,22393
2019-01-02,38624
2019-01-03,42536
2019-01-04,44822
2019-01-05,17740
2019-01-06,31961
2019-01-07,37306
2019-01-08,42050
2019-01-09,45185
2019-01-10,39762
2019-01-11,33517
2019-01-12,25571
2019-01-13,23130
2019-01-14,35750
2019-01-15,39982
2019-01-16,41213
2019-01-17,39783
2019-01-18,34931
2019-01-19,24158
2019-01-20,14502
2019-01-21,10487
2019-01-22,29233
2019-01-23,42347
2019-01-24,20516
2019-01-25,39576
2019-01-26,26767
2019-01-27,30520
2019-01-28,36368
2019-01-29,31628
2019-01-30,25599
2019-01-31,19006
2019-02-01,25502
2019-02-02,22362
2019-02-03,32467
2019-02-04,47308
2019-02-05,55242
2019-02-06,40047
2019-02-07,44019
2019-02-08,37207
2019-02-09,24228
2019-02-10,24554
2019-02-11,39457
2019-02-12,16203
2019-02-13,35631
2019-02-14,42532
2019-02-15,47786
2019-02-16,31538
2019-02-17,24446
2019-02-18,26261
2019-02-19,35446
2019-02-20,20896
2019-02-21,40251
2019-02-22,42646
2019-02-23,32158
2019-02-24,24651
2019-02-25,34874
2019-02-26,38316
2019-02-27,37258
2019-02-28,39023
2019-03-01,30810
2019-03-02,18333
2019-03-03,23593
2019-03-04,28925
2019-03-05,37801
2019-03-06,33964
2019-03-07,36651
2019-03-08,41180
2019-03-09,39579
2019-03-10,19212
2019-03-11,53426
2019-03-12,48173
2019-03-13,51033
2019-03-14,58462
2019-03-15,58508
2019-03-16,42866
2019-03-17,37392
2019-03-18,47443
2019-03-19,53951
2019-03-20,56387
2019-03-21,21673
2019-03-22,36095
2019-03-23,37913
2019-03-24,51113
2019-03-25,54508
2019-03-26,56453
2019-03-27,55509
2019-03-28,59474
2019-03-29,60329
2019-03-30,67571
2019-03-31,33239
2019-04-01,52337
2019-04-02,59009
2019-04-03,69127
2019-04-04,67586
2019-04-05,35195
2019-04-06,67511
2019-04-07,65719
2019-04-08,71845
2019-04-09,60479
2019-04-10,72319
2019-04-11,63581
2019-04-12,59056
2019-04-13,72613
2019-04-14,59469
2019-04-15,46626
2019-04-16,64599
2019-04-17,66509
2019-04-18,62821
2019-04-19,66146
2019-04-20,37307
2019-04-21,52742
2019-04-22,45092
2019-04-23,76899
2019-04-24,79292
2019-04-25,62050
2019-04-26,37943
2019-04-27,57402
2019-04-28,41874
2019-04-29,62069
2019-04-30,63933
2019-05-01,62149
2019-05-02,69949
2019-05-03,63649
2019-05-04,57111
2019-05-05,16476
2019-05-06,71297
2019-05-07,74314
2019-05-08,77885
2019-05-09,68017
2019-05-10,69439
2019-05-11,70955
2019-05-12,10929
2019-05-13,22823
2019-05-14,43707
2019-05-15,75788
2019-05-16,79382
2019-05-17,73503
2019-05-18,74410
2019-05-19,71159
2019-05-20,75963
2019-05-21,80701
2019-05-22,83523
2019-05-23,57570
2019-05-24,76233
2019-05-25,60435
2019-05-26,50781
2019-05-27,67769
2019-05-28,60582
2019-05-29,56087
2019-05-30,53360
2019-05-31,84752
2019-06-01,77769
2019-06-02,68407
2019-06-03,79065
2019-06-04,84903
2019-06-05,80218
2019-06-06,82837
2019-06-07,84497
2019-06-08,79305
2019-06-09,75310
2019-06-10,37886
2019-06-11,79520
2019-06-12,86611
2019-06-13,50054
2019-06-14,82146
2019-06-15,75099
2019-06-16,56533
2019-06-17,74011
2019-06-18,37176
2019-06-19,64912
2019-06-20,61124
2019-06-21,66875
2019-06-22,77996
2019-06-23,76809
2019-06-24,81534
2019-06-25,67191
2019-06-26,84796
2019-06-27,83086
2019-06-28,80311
2019-06-29,63939
2019-06-30,64880
2019-07-01,79790
2019-07-02,79780
2019-07-03,75828
2019-07-04,53996
2019-07-05,59843
2019-07-06,51801
2019-07-07,62584
2019-07-08,69363
2019-07-09,85338
2019-07-10,85891
2019-07-11,55583
2019-07-12,82775
2019-07-13,78226
2019-07-14,69155
2019-07-15,82629
2019-07-16,86309
2019-07-17,70607
2019-07-18,62309
2019-07-19,76723
2019-07-20,51518
2019-07-21,49160
2019-07-22,53558
2019-07-23,67630
2019-07-24,89347
2019-07-25,88207
2019-07-26,84568
2019-07-27,73597
2019-07-28,68867
2019-07-29,80371
2019-07-30,82414
2019-07-31,67043
2019-08-01,89529
2019-08-02,84049
2019-08-03,78744
2019-08-04,68068
2019-08-05,84118
2019-08-06,84268
2019-08-07,53388
2019-08-08,81334
2019-08-09,81961
2019-08-10,84248
2019-08-11,74708
2019-08-12,83100
2019-08-13,76621
2019-08-14,77308
2019-08-15,86645
2019-08-16,83362
2019-08-17,79420
2019-08-18,57442
2019-08-19,75528
2019-08-20,84085
2019-08-21,74643
2019-08-22,75356
2019-08-23,65224
2019-08-24,75703
2019-08-25,73261
2019-08-26,80633
2019-08-27,84446
2019-08-28,66675
2019-08-29,85085
2019-08-30,78511
2019-08-31,65472
2019-09-01,63844
2019-09-02,38536
2019-09-03,85497
2019-09-04,86730
2019-09-05,91513
2019-09-06,56467
2019-09-07,79808
2019-09-08,73739
2019-09-09,86564
2019-09-10,89325
2019-09-11,92362
2019-09-12,71633
2019-09-13,89470
2019-09-14,76882
2019-09-15,80439
2019-09-16,83800
2019-09-17,94939
2019-09-18,92119
2019-09-19,91506
2019-09-20,92340
2019-09-21,100658
2019-09-22,77773
2019-09-23,87254
2019-09-24,94962
2019-09-25,95905
2019-09-26,86425
2019-09-27,95193
2019-09-28,83087
2019-09-29,77171
2019-09-30,78203
2019-10-01,88852
2019-10-02,81516
2019-10-03,40061
2019-10-04,85010
2019-10-05,70420
2019-10-06,61649
2019-10-07,78846
2019-10-08,82189
2019-10-09,51655
2019-10-10,86591
2019-10-11,81042
2019-10-12,72002
2019-10-13,68765
2019-10-14,79125
2019-10-15,85091
2019-10-16,45043
2019-10-17,68742
2019-10-18,75175
2019-10-19,67942
2019-10-20,29083
2019-10-21,80046
2019-10-22,56075
2019-10-23,82045
2019-10-24,85085
2019-10-25,82831
2019-10-26,69215
2019-10-27,27248
2019-10-28,78316
2019-10-29,54338
2019-10-30,70123
2019-10-31,50705
2019-11-01,72075
2019-11-02,59633
2019-11-03,53192
2019-11-04,71505
2019-11-05,75303
2019-11-06,74177
2019-11-07,57911
2019-11-08,51420
2019-11-09,38698
2019-11-10,42821
2019-11-11,66228
2019-11-12,40065
2019-11-13,44962
2019-11-14,55906
2019-11-15,60826
2019-11-16,37614
2019-11-17,32684
2019-11-18,36421
2019-11-19,58647
2019-11-20,58916
2019-11-21,63987
2019-11-22,52261
2019-11-23,40858
2019-11-24,18476
2019-11-25,59982
2019-11-26,65008
2019-11-27,52529
2019-11-28,16545
2019-11-29,23782
2019-11-30,27073
2019-12-01,10993
2019-12-02,18410
2019-12-03,40020
2019-12-04,48342
2019-12-05,50047
2019-12-06,52724
2019-12-07,35169
2019-12-08,32880
2019-12-09,15504
2019-12-10,43299
2019-12-11,38986
2019-12-12,46268
2019-12-13,33683
2019-12-14,30826
2019-12-15,34376
2019-12-16,42669
2019-12-17,19688
2019-12-18,38658
2019-12-19,30043
2019-12-20,34923
2019-12-21,24722
2019-12-22,24217
2019-12-23,38205
2019-12-24,26509
2019-12-25,13314
2019-12-26,25819
2019-12-27,32535
2019-12-28,29097
2019-12-29,18321
2019-12-30,12465
2019-12-31,32226
2020-01-01,18484
2020-01-02,42448
2020-01-03,32645
2020-01-04,30002
2020-01-05,28090
2020-01-06,43670
2020-01-07,47580
2020-01-08,43375
2020-01-09,40320
2020-01-10,51881
2020-01-11,57641
2020-01-12,54017
2020-01-13,50382
2020-01-14,45111
2020-01-15,55371
2020-01-16,46306
2020-01-17,34875
2020-01-18,13560
2020-01-19,26390
2020-01-20,24743
2020-01-21,38235
2020-01-22,44412
2020-01-23,49311
2020-01-24,52362
2020-01-25,18075
2020-01-26,36727
2020-01-27,47417
2020-01-28,49871
2020-01-29,48410
2020-01-30,46598
2020-01-31,48307
2020-02-01,36163
2020-02-02,29075
2020-02-03,54559
2020-02-04,53595
2020-02-05,51598
2020-02-06,32844
2020-02-07,33369
2020-02-08,33391
2020-02-09,33256
2020-02-10,27362
2020-02-11,38579
2020-02-12,50387
2020-02-13,38228
2020-02-14,37778
2020-02-15,22020
2020-02-16,27804
2020-02-17,41723
2020-02-18,44988
2020-02-19,50292
2020-02-20,43656
2020-02-21,39563
2020-02-22,40134
2020-02-23,47440
2020-02-24,57345
2020-02-25,40377
2020-02-26,46084
2020-02-27,44244
2020-02-28,44196
2020-02-29,29742
2020-03-01,32388
2020-03-02,57763
2020-03-03,50502
2020-03-04,59536
2020-03-05,59584
2020-03-06,34665
2020-03-07,40072
2020-03-08,47811
2020-03-09,70011
2020-03-10,65382
2020-03-11,62905
2020-03-12,52218
2020-03-13,44085
2020-03-14,44916
2020-03-15,36744
2020-03-16,29941
2020-03-17,24711
2020-03-18,30985
2020-03-19,21214
2020-03-20,31911
2020-03-21,32306
2020-03-22,20237
2020-03-23,4052
2020-03-24,21234
2020-03-25,12256
2020-03-26,22380
2020-03-27,27021
2020-03-28,9020
2020-03-29,9821
2020-03-30,15275
2020-03-31,15230
2020-04-01,20662
2020-04-02,19231
2020-04-03,11458
2020-04-04,29405
2020-04-05,26233
2020-04-06,25104
2020-04-07,23996
2020-04-08,21100
2020-04-09,14382
2020-04-10,16513
2020-04-11,33519
2020-04-12,32035
2020-04-13,7895
2020-04-14,25563
2020-04-15,22521
2020-04-16,19798
2020-04-17,19114
2020-04-18,16118
2020-04-19,47636
2020-04-20,22170
2020-04-21,17259
2020-04-22,24075
2020-04-23,19353
2020-04-24,12766
2020-04-25,59629
2020-04-26,9721
2020-04-27,18004
2020-04-28,40181
2020-04-29,21914
2020-04-30,14675
2020-05-01,25214
2020-05-02,73872
2020-05-03,64805
2020-05-04,32745
2020-05-05,35491
2020-05-06,17436
2020-05-07,44218
2020-05-08,17464
2020-05-09,28046
2020-05-10,55128
2020-05-11,22973
2020-05-12,36345
2020-05-13,41073
2020-05-14,42011
2020-05-15,53618
2020-05-16,81564
2020-05-17,64637
2020-05-18,39669
2020-05-19,41544
2020-05-20,46328
2020-05-21,49320
2020-05-22,48212
2020-05-23,23433
2020-05-24,74386
2020-05-25,69156
2020-05-26,54048
2020-05-27,56079
2020-05-28,46783
2020-05-29,54126
2020-05-30,88799
2020-05-31,82313
2020-06-01,53768
2020-06-02,47335
2020-06-03,29481
2020-06-04,40647
2020-06-05,33701
2020-06-06,57952
2020-06-07,82257
2020-06-08,61978
2020-06-09,62821
2020-06-10,64261
2020-06-11,44645
2020-06-12,73777
2020-06-13,91498
2020-06-14,81261
2020-06-15,58637
2020-06-16,66458
2020-06-17,65219
2020-06-18,63186
2020-06-19,80582
2020-06-20,82442
2020-06-21,73841
2020-06-22,60891
2020-06-23,68598
2020-06-24,67986
2020-06-25,70798
2020-06-26,75065
2020-06-27,60588
2020-06-28,70490
2020-06-29,62790
2020-06-30,66241
2020-07-01,64432
2020-07-02,74769
2020-07-03,60513
2020-07-04,72462
2020-07-05,65790
2020-07-06,46822
2020-07-07,69021
2020-07-08,64387
2020-07-09,77797
2020-07-10,23228
2020-07-11,67899
2020-07-12,85961
2020-07-13,70320
2020-07-14,78330
2020-07-15,79719
2020-07-16,80739
2020-07-17,71144
2020-07-18,81933
2020-07-19,68062
2020-07-20,59359
2020-07-21,71868
2020-07-22,52781
2020-07-23,66739
2020-07-24,67979
2020-07-25,89319
2020-07-26,74039
2020-07-27,63641
2020-07-28,71645
2020-07-29,78390
2020-07-30,73295
2020-07-31,72105
2020-08-01,90875
2020-08-02,71599
2020-08-03,68473
2020-08-04,45443
2020-08-05,83267
2020-08-06,80507
2020-08-07,60950
2020-08-08,92020
2020-08-09,84303
2020-08-10,70289
2020-08-11,76668
2020-08-12,67444
2020-08-13,63626
2020-08-14,85379
2020-08-15,94786
2020-08-16,39478
2020-08-17,71626
2020-08-18,83230
2020-08-19,72737
2020-08-20,82566
2020-08-21,86343
2020-08-22,88775
2020-08-23,83372
2020-08-24,72394
2020-08-25,73272
2020-08-26,89646
2020-08-27,70428
2020-08-28,79403
2020-08-29,72831
2020-08-30,94143
2020-08-31,76908
2020-09-01,77898
2020-09-02,71145
2020-09-03,72503
2020-09-04,86839
2020-09-05,91331
2020-09-06,84685
2020-09-07,85413
2020-09-08,80610
2020-09-09,85777
2020-09-10,53787
2020-09-11,96236
2020-09-12,103403
2020-09-13,86230
2020-09-14,80515
2020-09-15,85304
2020-09-16,88249
2020-09-17,88892
2020-09-18,90506
2020-09-19,91529
2020-09-20,78991
2020-09-21,73176
2020-09-22,83981
2020-09-23,91755
2020-09-24,88143
2020-09-25,95074
2020-09-26,100963
2020-09-27,88837
2020-09-28,79226
2020-09-29,60609
2020-09-30,87000
2020-10-01,92050
2020-10-02,83217
2020-10-03,98358
2020-10-04,83206
2020-10-05,77867
2020-10-06,88220
2020-10-07,83343
2020-10-08,86178
2020-10-09,89994
2020-10-10,96654
2020-10-11,77443
2020-10-12,16873
2020-10-13,52899
2020-10-14,89590
2020-10-15,92487
2020-10-16,31102
2020-10-17,89601
2020-10-18,77967
2020-10-19,74286
2020-10-20,77181
2020-10-21,85149
2020-10-22,84899
2020-10-23,88040
2020-10-24,91947
2020-10-25,62689
2020-10-26,51767
2020-10-27,78973
2020-10-28,63572
2020-10-29,19311
2020-10-30,39959
2020-10-31,67584
2020-11-01,32945
2020-11-02,51194
2020-11-03,62808
2020-11-04,65931
2020-11-05,75582
2020-11-06,83083
2020-11-07,99821
2020-11-08,87430
2020-11-09,76734
2020-11-10,85345
2020-11-11,46759
2020-11-12,41097
2020-11-13,49213
2020-11-14,76155
2020-11-15,51521
2020-11-16,58226
2020-11-17,55059
2020-11-18,44558
2020-11-19,52024
2020-11-20,69326
2020-11-21,76404
2020-11-22,46633
2020-11-23,43107
2020-11-24,53712
2020-11-25,57586
2020-11-26,31215
2020-11-27,53848
2020-11-28,53896
2020-11-29,53239
2020-11-30,23528
2020-12-01,53648
2020-12-02,47850
2020-12-03,53745
2020-12-04,40838
2020-12-05,32172
2020-12-06,41219
2020-12-07,42035
2020-12-08,41521
2020-12-09,37413
2020-12-10,52416
2020-12-11,60551
2020-12-12,54112
2020-12-13,61862
2020-12-14,26072
2020-12-15,45292
2020-12-16,26623
2020-12-17,182
2020-12-18,15131
2020-12-19,16909
2020-12-20,16512
2020-12-21,31675
2020-12-22,37570
2020-12-23,40873
2020-12-24,32951
2020-12-25,11983
2020-12-26,19978
2020-12-27,24040
2020-12-28,39200
2020-12-29,33593
2020-12-30,36031
2020-12-31,26626
2021-01-01,18996
2021-01-02,41699
2021-01-03,14737
2021-01-04,37160
2021-01-05,38905
2021-01-06,38361
2021-01-07,38390
2021-01-08,37550
2021-01-09,35055
2021-01-10,35796
2021-01-11,36472
2021-01-12,42749
2021-01-13,42964
2021-01-14,48338
2021-01-15,40954
2021-01-16,41669
2021-01-17,39290
2021-01-18,43234
2021-01-19,41014
2021-01-20,36596
2021-01-21,41278
2021-01-22,44493
2021-01-23,32490
2021-01-24,27633
2021-01-25,36400
2021-01-26,27612
2021-01-27,39323
2021-01-28,34424
2021-01-29,23745
2021-01-30,27646
2021-01-31,21950
2021-02-01,251
2021-02-03,6526
2021-02-04,18877
2021-02-05,24539
2021-02-06,31458
2021-02-07,8340
2021-02-08,18625
2021-02-09,22637
2021-02-10,28428
2021-02-11,23129
2021-02-12,26194
2021-02-13,23260
2021-02-14,23643
2021-02-15,23617
2021-02-16,31331
2021-02-17,31149
2021-02-18,7681
2021-02-19,12140
2021-02-20,25179
2021-02-21,26685
2021-02-22,19677
2021-02-23,33785
2021-02-24,46399
2021-02-25,43775
2021-02-26,44923
2021-02-27,31073
2021-02-28,21543
2021-03-01,34881
2021-03-02,32373
2021-03-03,50594
2021-03-04,40563
2021-03-05,36641
2021-03-06,33811
2021-03-07,35698
2021-03-08,38852
2021-03-09,60895
2021-03-10,55416
2021-03-11,69118
2021-03-12,70350
2021-03-13,54223
2021-03-14,43972
2021-03-15,34768
2021-03-16,38448
2021-03-17,47813
2021-03-18,22787
2021-03-19,44230
2021-03-20,65883
2021-03-21,69886
2021-03-22,56857
2021-03-23,62306
2021-03-24,33142
2021-03-25,65338
2021-03-26,72408
2021-03-27,85979
2021-03-28,25532
2021-03-29,53199
2021-03-30,66437
2021-03-31,45817
2021-04-01,45986
2021-04-02,43287
2021-04-03,61927
2021-04-04,64261
2021-04-05,68985
2021-04-06,77138
2021-04-07,78603
2021-04-08,82450
2021-04-09,68947
2021-04-10,88727
2021-04-11,20379
2021-04-12,33929
2021-04-13,79611
2021-04-14,80958
2021-04-15,33369
2021-04-16,60012
2021-04-17,78377
2021-04-18,81704
2021-04-19,73761
2021-04-20,97165
2021-04-21,62474
2021-04-22,57662
2021-04-23,83708
2021-04-24,105411
2021-04-25,59242
2021-04-26,72470
2021-04-27,80501
2021-04-28,97569
2021-04-29,71346
2021-04-30,81484
2021-05-01,93906
2021-05-02,95346
2021-05-03,61499
2021-05-04,88127
2021-05-05,50335
2021-05-06,94590
2021-05-07,92530
2021-05-08,60515
2021-05-09,54116
2021-05-10,72062
2021-05-11,90275
2021-05-12,96187
2021-05-13,102215
2021-05-14,109128
2021-05-15,121138
2021-05-16,99140
2021-05-17,96803
2021-05-18,107536
2021-05-19,111695
2021-05-20,110115
2021-05-21,114961
2021-05-22,118944
2021-05-23,109698
2021-05-24,90763
2021-05-25,109051
2021-05-26,99562
2021-05-27,114902
2021-05-28,64016
2021-05-29,30631
2021-05-30,17956
2021-05-31,91466
2021-06-01,101597
2021-06-02,108550
2021-06-03,71333
2021-06-04,88376
2021-06-05,124166
2021-06-06,108809
2021-06-07,100265
2021-06-08,76305
2021-06-09,114586
2021-06-10,123932
2021-06-11,110546
2021-06-12,119714
2021-06-13,104999
2021-06-14,86363
2021-06-15,121668
2021-06-16,124933
2021-06-17,124275
2021-06-18,126081
2021-06-19,110156
2021-06-20,110118
2021-06-21,104424
2021-06-22,77285
2021-06-23,126320
2021-06-24,123590
2021-06-25,119399
2021-06-26,122258
2021-06-27,113083
2021-06-28,101174
2021-06-29,105950
2021-06-30,99268
2021-07-01,69556
2021-07-02,79990
2021-07-03,70204
2021-07-04,104656
2021-07-05,100474
2021-07-06,79204
2021-07-07,105555
2021-07-08,76683
2021-07-09,88745
2021-07-10,112519
2021-07-11,106421
2021-07-12,90157
2021-07-13,108101
2021-07-14,113111
2021-07-15,115425
2021-07-16,111188
2021-07-17,84638
2021-07-18,102932
2021-07-19,105440
2021-07-20,114619
2021-07-21,111494
2021-07-22,121831
2021-07-23,115744
2021-07-24,128839
2021-07-25,101150
2021-07-26,101400
2021-07-27,109019
2021-07-28,115661
2021-07-29,78017
2021-07-30,119071
2021-07-31,125648
2021-08-01,97406
2021-08-02,106140
2021-08-03,112060
2021-08-04,112294
2021-08-05,112759
2021-08-06,112937
2021-08-07,118877
2021-08-08,77930
2021-08-09,99248
2021-08-10,95270
2021-08-11,100841
2021-08-12,102934
2021-08-13,101839
2021-08-14,115156
2021-08-15,112220
2021-08-16,105156
2021-08-17,110505
2021-08-18,109732
2021-08-19,108220
2021-08-20,105640
2021-08-21,99744
2021-08-22,16248
2021-08-23,79361
2021-08-24,112699
2021-08-25,110120
2021-08-26,107013
2021-08-27,91603
2021-08-28,107608
2021-08-29,105702
2021-08-30,104142
2021-08-31,115250
2021-09-01,52077
2021-09-02,129565
2021-09-03,118256
2021-09-04,112251
2021-09-05,90009
2021-09-06,109827
2021-09-07,110166
2021-09-08,116473
2021-09-09,79858
2021-09-10,130380
2021-09-11,137852
2021-09-12,120785
2021-09-13,109064
2021-09-14,121746
2021-09-15,121914
2021-09-16,113093
2021-09-17,115409
2021-09-18,128938
2021-09-19,120322
2021-09-20,112323
2021-09-21,116513
2021-09-22,116744
2021-09-23,88922
2021-09-24,119439
2021-09-25,129312
2021-09-26,117058
2021-09-27,109812
2021-09-28,99300
2021-09-29,114803
2021-09-30,115662
2021-10-01,119140
2021-10-02,123885
2021-10-03,111844
2021-10-04,75555
2021-10-05,106835
2021-10-06,113651
2021-10-07,118354
2021-10-08,119020
2021-10-09,111187
2021-10-10,71328
2021-10-11,99883
2021-10-12,111148
2021-10-13,112967
2021-10-14,119721
2021-10-15,122191
2021-10-16,102467
2021-10-17,93828
2021-10-18,89733
2021-10-19,102924
2021-10-20,115240
2021-10-21,117089
2021-10-22,114801
2021-10-23,93948
2021-10-24,87751
2021-10-25,94873
2021-10-26,49194
2021-10-27,100831
2021-10-28,103717
2021-10-29,85040
2021-10-30,81674
2021-10-31,88178
2021-11-01,92130
2021-11-02,85016
2021-11-03,89609
2021-11-04,88086
2021-11-05,88604
2021-11-06,87114
2021-11-07,81518
2021-11-08,87209
2021-11-09,99379
2021-11-10,100902
2021-11-11,95509
2021-11-12,72018
2021-11-13,73485
2021-11-14,65091
2021-11-15,70243
2021-11-16,79493
2021-11-17,87909
2021-11-18,97343
2021-11-19,76272
2021-11-20,71714
2021-11-21,67371
2021-11-22,65412
2021-11-23,62846
2021-11-24,59110
2021-11-25,35916
2021-11-26,32813
2021-11-27,38428
2021-11-28,42778
2021-11-29,60098
2021-11-30,65929
2021-12-01,75957
2021-12-02,81514
2021-12-03,74590
2021-12-04,70123
2021-12-05,64213
2021-12-06,69651
2021-12-07,69052
2021-12-08,67641
2021-12-09,68336
2021-12-10,77666
2021-12-11,65939
2021-12-12,63767
2021-12-13,70076
2021-12-14,77685
2021-12-15,75132
2021-12-16,82883
2021-12-17,80411
2021-12-18,40610
2021-12-19,41435
2021-12-20,46789
2021-12-21,52297
2021-12-22,43083
2021-12-23,42312
2021-12-24,32192
2021-12-25,16804
2021-12-26,32644
2021-12-27,32525
2021-12-28,41862
2021-12-29,40747
2021-12-30,48208
2021-12-31,50164
2022-01-01,21487
2022-01-02,45482
2022-01-03,34958
2022-01-04,38813
2022-01-05,35994
2022-01-06,47301
2022-01-07,18297
2022-01-08,25842
2022-01-09,22724
2022-01-10,36576
2022-01-11,28387
2022-01-12,42693
2022-01-13,53006
2022-01-14,47928
2022-01-15,24387
2022-01-16,22094
2022-01-17,30617
2022-01-18,45087
2022-01-19,56745
2022-01-20,35731
2022-01-21,35806
2022-01-22,33910
2022-01-23,34757
2022-01-24,43617
2022-01-25,53258
2022-01-26,44428
2022-01-27,46191
2022-01-28,36634
2022-01-29,3038
2022-01-30,9983
2022-01-31,23409
2022-02-01,30758
2022-02-02,43983
2022-02-03,27945
2022-02-04,21570
2022-02-05,32811
2022-02-06,31116
2022-02-07,32388
2022-02-08,54842
2022-02-09,58985
2022-02-10,65142
2022-02-11,68079
2022-02-12,72282
2022-02-13,21474
2022-02-14,36590
2022-02-15,43021
2022-02-16,56434
2022-02-17,70918
2022-02-18,49669
2022-02-19,34203
2022-02-20,32882
2022-02-21,55320
2022-02-22,38502
2022-02-23,69998
2022-02-24,47308
2022-02-25,32188
2022-02-26,43930
2022-02-27,45187
2022-02-28,48100
2022-03-01,58942
2022-03-02,70522
2022-03-03,58244
2022-03-04,52524
2022-03-05,54154
2022-03-06,57607
2022-03-07,71372
2022-03-08,65382
2022-03-09,29554
2022-03-10,69528
2022-03-11,72977
2022-03-12,20796
2022-03-13,32596
2022-03-14,66629
2022-03-15,83083
2022-03-16,85729
2022-03-17,52601
2022-03-18,98012
2022-03-19,82279
2022-03-20,68975
2022-03-21,77018
2022-03-22,79259
2022-03-23,64036
2022-03-24,48404
2022-03-25,79161
2022-03-26,65566
2022-03-27,48186
2022-03-28,40233
2022-03-29,51158
2022-03-30,64404
2022-03-31,76184
2022-04-01,72060
2022-04-02,77151
2022-04-03,39109
2022-04-04,72508
2022-04-05,76291
2022-04-06,51137
2022-04-07,37236
2022-04-08,93194
2022-04-09,71038
2022-04-10,60095
2022-04-11,79297
2022-04-12,98115
2022-04-13,103375
2022-04-14,95172
2022-04-15,104949
2022-04-16,86417
2022-04-17,56877
2022-04-18,58702
2022-04-19,62115
2022-04-20,89980
2022-04-21,81885
2022-04-22,102852
2022-04-23,99863
2022-04-24,88119
2022-04-25,76687
2022-04-26,79021
2022-04-27,86825
2022-04-28,82901
2022-04-29,91796
2022-04-30,107374
2022-05-01,100507
2022-05-02,57786
2022-05-03,97692
2022-05-04,84076
2022-05-05,116502
2022-05-06,37097
2022-05-07,21848
2022-05-08,66540
2022-05-09,99197
2022-05-10,110273
2022-05-11,112755
2022-05-12,116493
2022-05-13,100970
2022-05-14,84016
2022-05-15,114734
2022-05-16,83613
2022-05-17,123502
2022-05-18,123590
2022-05-19,94840
2022-05-20,89539
2022-05-21,121981
2022-05-22,109795
2022-05-23,106762
2022-05-24,110152
2022-05-25,119904
2022-05-26,116866
2022-05-27,93502
2022-05-28,87252
2022-05-29,106940
2022-05-30,106566
2022-05-31,105792
2022-06-01,92639
2022-06-02,103845
2022-06-03,127417
2022-06-04,134800
2022-06-05,122854
2022-06-06,116195
2022-06-07,109541
2022-06-08,130606
2022-06-09,121215
2022-06-10,129167
2022-06-11,122453
2022-06-12,95674
2022-06-13,117856
2022-06-14,130344
2022-06-15,135019
2022-06-16,107740
2022-06-17,126810
2022-06-18,115266
2022-06-19,112125
2022-06-20,120967
2022-06-21,105069
2022-06-22,99959
2022-06-23,124082
2022-06-24,131443
2022-06-25,125637
2022-06-26,112978
2022-06-27,84311
2022-06-28,128354
2022-06-29,128620
2022-06-30,123196
2022-07-01,109893
2022-07-02,94569
2022-07-03,94961
2022-07-04,102087
2022-07-05,94306
2022-07-06,119694
2022-07-07,121451
2022-07-08,104401
2022-07-09,130845
2022-07-10,122558
2022-07-11,117891
2022-07-12,118434
2022-07-13,127993
2022-07-14,127548
2022-07-15,126524
2022-07-16,118512
2022-07-17,117953
2022-07-18,88354
2022-07-19,126935
2022-07-20,124918
2022-07-21,115780
2022-07-22,118853
2022-07-23,114507
2022-07-24,105821
2022-07-25,102146
2022-07-26,129730
2022-07-27,132459
2022-07-28,124567
2022-07-29,121696
2022-07-30,130872
2022-07-31,119634
2022-08-01,104212
2022-08-02,128132
2022-08-03,132478
2022-08-04,125156
2022-08-05,121759
2022-08-06,130581
2022-08-07,101327
2022-08-08,110667
2022-08-09,115964
2022-08-10,131144
2022-08-11,121110
2022-08-12,130533
2022-08-13,140182
2022-08-14,119112
2022-08-15,118766
2022-08-16,129963
2022-08-17,127609
2022-08-18,129662
2022-08-19,128185
2022-08-20,136413
2022-08-21,117487
2022-08-22,90992
2022-08-23,125611
2022-08-24,130319
2022-08-25,127718
2022-08-26,115748
2022-08-27,125299
2022-08-28,114616
2022-08-29,114776
2022-08-30,120312
2022-08-31,130707
2022-09-01,128965
2022-09-02,123493
2022-09-03,114060
2022-09-04,105263
2022-09-05,99463
2022-09-06,43213
2022-09-07,119399
2022-09-08,142338
2022-09-09,141537
2022-09-10,142752
2022-09-11,71779
2022-09-12,121760
2022-09-13,129198
2022-09-14,142584
2022-09-15,140062
2022-09-16,139234
2022-09-17,138616
2022-09-18,123779
2022-09-19,108655
2022-09-20,137247
2022-09-21,141188
2022-09-22,108040
2022-09-23,119892
2022-09-24,120379
2022-09-25,92048
2022-09-26,111694
2022-09-27,123424
2022-09-28,130801
2022-09-29,128358
2022-09-30,122149
2022-10-01,63361
2022-10-02,54733
2022-10-03,52243
2022-10-04,55291
2022-10-05,73393
2022-10-06,131284
2022-10-07,130645
2022-10-08,106878
2022-10-09,99742
2022-10-10,102012
2022-10-11,118507
2022-10-12,125317
2022-10-13,77769
2022-10-14,121786
2022-10-15,125031
2022-10-16,107370
2022-10-17,93959
2022-10-18,107160
2022-10-19,105727
2022-10-20,110655
2022-10-21,114870
2022-10-22,118118
2022-10-23,70566
2022-10-24,70380
2022-10-25,104500
2022-10-26,119414
2022-10-27,122642
2022-10-28,112807
2022-10-29,111386
2022-10-30,101267
2022-10-31,102415
2022-11-01,109858
2022-11-02,124448
2022-11-03,123714
2022-11-04,125827
2022-11-05,129403
2022-11-06,109585
2022-11-07,113272
2022-11-08,102605
2022-11-09,101216
2022-11-10,115615
2022-11-11,58290
2022-11-12,121185
2022-11-13,73527
2022-11-14,78310
2022-11-15,68319
2022-11-16,81773
2022-11-17,83207
2022-11-18,78101
2022-11-19,63469
2022-11-20,47945
2022-11-21,63546
2022-11-22,78699
2022-11-23,78556
2022-11-24,40449
2022-11-25,45973
2022-11-26,63414
2022-11-27,36863
2022-11-28,77507
2022-11-29,80043
2022-11-30,58095
2022-12-01,77802
2022-12-02,79564
2022-12-03,48401
2022-12-04,66556
2022-12-05,78453
2022-12-06,55794
2022-12-07,78979
2022-12-08,94940
2022-12-09,81879
2022-12-10,67845
2022-12-11,34919
2022-12-12,63906
2022-12-13,69810
2022-12-14,71708
2022-12-15,46883
2022-12-16,30408
2022-12-17,63473
2022-12-18,51535
2022-12-19,57781
2022-12-20,62338
2022-12-21,63229
2022-12-22,41747
2022-12-23,28244
2022-12-24,12946
2022-12-25,10096
2022-12-26,20846
2022-12-27,35444
2022-12-28,47076
2022-12-29,55278
2022-12-30,66479
2022-12-31,33878
